"OpenGWAS ID","Trait","Author","Year","Population","Sex","Sample Size","Consortium","Category","Subcategory"
"ebi-a-GCST90028995","Mean corpuscular hemoglobin","Loh PR","2018","European","NA","572863","NA","NA","NA"
"prot-c-4915_64_2","Hemoglobin","Suhre K","2019","European","Males and Females","","NA","Continuous","NA"
"prot-a-1316","Hemoglobin subunit theta-1","Sun BB","2018","European","Males and Females","3301","NA","Immune system","Protein"
"ebi-a-GCST008038","Mean corpuscular hemoglobin concentration","Wojcik GL","2019","Hispanic or Latin American","NA","15522","NA","NA","NA"
"ebi-a-GCST90002323","Mean corpuscular hemoglobin","Chen MH","2020","East Asian","NA","119629","NA","NA","NA"
"ebi-a-GCST90018957","Hemoglobin","Sakaue S","2021","European","NA","350474","NA","NA","NA"
"ebi-a-GCST90002243","Glycated hemoglobin levels","Chen J","2021","East Asian","NA","33307","NA","NA","NA"
"bbj-a-38","Mean corpuscular hemoglobin","Ishigaki K","2019","East Asian","Males and Females","108054","NA","Continuous","NA"
"prot-a-1315","Hemoglobin subunit gamma-1","Sun BB","2018","European","Males and Females","3301","NA","Immune system","Protein"
"ebi-a-GCST90002321","Mean corpuscular hemoglobin","Chen MH","2020","Mixed","NA","11974","NA","NA","NA"
"ebi-a-GCST90018958","Hemoglobin A1c levels","Sakaue S","2021","European","NA","344182","NA","NA","NA"
"ebi-a-GCST90002384","Hemoglobin","Vuckovic D","2020","European","NA","408112","NA","NA","NA"
"ebi-a-GCST90018745","Mean corpuscular hemoglobin concentration","Sakaue S","2021","East Asian","NA","135482","NA","NA","NA"
"ebi-a-GCST004605","Mean corpuscular hemoglobin concentration","Astle WJ","2016","European","NA","172851","NA","NA","NA"
"ebi-a-GCST90002245","Glycated hemoglobin levels","Chen J","2021","Hispanic or Latin American","NA","15248","NA","NA","NA"
"ebi-a-GCST90018744","Mean corpuscular hemoglobin","Sakaue S","2021","East Asian","NA","128028","NA","NA","NA"
"ebi-a-GCST90002246","Glycated hemoglobin levels","Chen J","2021","South Asian","NA","9525","NA","NA","NA"
"ebi-a-GCST90025969","Hemoglobin levels","Barton AR","2021","European","NA","445373","NA","NA","NA"
"ebi-a-GCST004630","Mean corpuscular hemoglobin","Astle WJ","2016","European","NA","172332","NA","NA","NA"
"ebi-a-GCST90011772","Glycated hemoglobin levels","Chai JF","2020","South East Asian","NA","2704","NA","NA","NA"
"ebi-a-GCST008034","Hemoglobin A1c levels","Wojcik GL","2019","Hispanic or Latin American","NA","10408","NA","NA","NA"
"bbj-a-39","Mean corpuscular hemoglobin concentration","Ishigaki K","2019","East Asian","Males and Females","108728","NA","Continuous","NA"
"ebi-a-GCST90018965","Mean corpuscular hemoglobin concentration","Sakaue S","2021","European","NA","350468","NA","NA","NA"
"ebi-a-GCST90002242","Glycated hemoglobin levels","Chen J","2021","African American or Afro-Caribbean","NA","6647","NA","NA","NA"
"ebi-a-GCST90002325","Mean corpuscular hemoglobin","Chen MH","2020","South Asian","NA","8181","NA","NA","NA"
"ebi-a-GCST004615","Hemoglobin concentration","Astle WJ","2016","European","NA","172925","NA","NA","NA"
"ebi-a-GCST90002331","Mean corpuscular hemoglobin concentration","Chen MH","2020","South Asian","NA","8185","NA","NA","NA"
"ebi-a-GCST90011771","Glycated hemoglobin levels","Chai JF","2020","South East Asian","NA","1721","NA","NA","NA"
"ebi-a-GCST90002390","Mean corpuscular hemoglobin","Vuckovic D","2020","European","NA","408112","NA","NA","NA"
"ebi-a-GCST90025974","Hemoglobin A1c levels","Barton AR","2021","European","NA","437749","NA","NA","NA"
"ebi-a-GCST90002324","Mean corpuscular hemoglobin","Chen MH","2020","Hispanic or Latin American","NA","3518","NA","NA","NA"
"ebi-a-GCST90002311","Hemoglobin concentration","Chen MH","2020","East Asian","NA","149861","NA","NA","NA"
"prot-a-1317","Hemoglobin subunit zeta","Sun BB","2018","European","Males and Females","3301","NA","Immune system","Protein"
"ebi-a-GCST90025962","Mean corpuscular hemoglobin concentration","Barton AR","2021","European","NA","443081","NA","NA","NA"
"ebi-a-GCST90002248","Glycated hemoglobin levels","Chen J","2021","Sub-Saharan African","NA","4441","NA","NA","NA"
"ebi-a-GCST90002328","Mean corpuscular hemoglobin concentration","Chen MH","2020","European","NA","491553","NA","NA","NA"
"ebi-a-GCST90018738","Hemoglobin A1c levels","Sakaue S","2021","East Asian","NA","71221","NA","NA","NA"
"ebi-a-GCST90002327","Mean corpuscular hemoglobin concentration","Chen MH","2020","Mixed","NA","12766","NA","NA","NA"
"bbj-a-26","Hemoglobin A1c","Ishigaki K","2019","East Asian","Males and Females","42790","NA","Continuous","NA"
"ebi-a-GCST90002312","Hemoglobin concentration","Chen MH","2020","Hispanic or Latin American","NA","9302","NA","NA","NA"
"ebi-a-GCST90018964","Mean corpuscular hemoglobin","Sakaue S","2021","European","NA","350472","NA","NA","NA"
"ebi-a-GCST90002313","Hemoglobin concentration","Chen MH","2020","South Asian","NA","8189","NA","NA","NA"
"ebi-a-GCST90018737","Hemoglobin","Sakaue S","2021","East Asian","NA","152447","NA","NA","NA"
"ebi-a-GCST90002330","Mean corpuscular hemoglobin concentration","Chen MH","2020","Hispanic or Latin American","NA","3518","NA","NA","NA"
"ebi-a-GCST004939","Glycated hemoglobin levels","Prins BP","2017","European","NA","9436","NA","NA","NA"
"ebi-a-GCST90002309","Hemoglobin concentration","Chen MH","2020","Mixed","NA","15133","NA","NA","NA"
"ebi-a-GCST90002391","Mean corpuscular hemoglobin concentration","Vuckovic D","2020","European","NA","408112","NA","NA","NA"
"ebi-a-GCST90002322","Mean corpuscular hemoglobin","Chen MH","2020","European","NA","486823","NA","NA","NA"
"ebi-a-GCST90002310","Hemoglobin concentration","Chen MH","2020","European","NA","563946","NA","NA","NA"
"ebi-a-GCST90002329","Mean corpuscular hemoglobin concentration","Chen MH","2020","East Asian","NA","126151","NA","NA","NA"
"bbj-a-25","Hemoglobin","Ishigaki K","2019","East Asian","Males and Females","108769","NA","Continuous","NA"
"ebi-a-GCST90002244","Glycated hemoglobin levels","Chen J","2021","European","NA","146806","NA","NA","NA"
"ebi-a-GCST005060","Hemoglobin levels","Prins BP","2017","European","NA","9667","NA","NA","NA"

